{"cameraMode":{"drawMode":0,"name":"Shaded","section":"Shading Mode"},"sceneLighting":true,"audioPlay":false,"sceneViewState":{"showFog":true,"showMaterialUpdate":false,"showSkybox":true,"showFlares":true,"showImageEffects":true,"showParticleSystems":true},"in2DMode":false,"pivot":{"x":-5.579712390899658,"y":-0.8912490606307983,"z":-1.1538276672363282},"rotation":{"x":0.020406441763043405,"y":0.9667466878890991,"z":-0.08170072734355927,"w":0.24150462448596955},"size":7.475615978240967,"orthographic":false}